Date,GOOG,AMZN,CRM,APPL,NVDA
3/2/2015,569.78,385.66,68.46,32.27,5.65
3/3/2015,572.07,384.61,66.95,32.34,5.55
3/4/2015,571.8,382.72,64.88,32.14,5.61
3/5/2015,573.75,387.83,65.59,31.6,5.72
3/6/2015,566.13,380.09,64.56,31.65,5.64
3/9/2015,567.29,378.56,65.48,31.79,5.65
3/10/2015,553.49,369.51,63.76,31.13,5.75
3/11/2015,549.67,366.37,63.68,30.56,5.72
3/12/2015,553.99,374.24,64.95,31.11,5.67
3/13/2015,545.82,370.58,64.6,30.9,5.68
3/16/2015,552.99,373.35,66.43,31.24,5.74
3/17/2015,549.33,371.92,67.55,31.76,5.81
3/18/2015,557.97,375.14,68.55,32.12,5.72
3/19/2015,556.46,373.24,68.88,31.87,5.8
3/20/2015,558.83,378.49,67.69,31.48,5.87
3/23/2015,557.28,375.11,67.66,31.8,5.68
3/24/2015,568.63,374.09,67.37,31.67,5.6
3/25/2015,557.25,370.96,65.78,30.85,5.26
3/26/2015,553.65,367.35,65.99,31.06,5.24
3/27/2015,546.84,370.56,66.55,30.81,5.35
3/30/2015,550.52,374.59,66.85,31.59,5.37
3/31/2015,546.5,372.1,66.81,31.11,5.23
4/1/2015,541.07,370.26,66.08,31.06,5.25
4/2/2015,534.06,372.25,66.68,31.33,5.27
4/6/2015,535.29,377.04,67.94,31.84,5.42
4/7/2015,535.55,374.41,68.2,31.5,5.47
4/8/2015,540.13,381.2,68.21,31.4,5.51
4/9/2015,539.3,383.54,67.74,31.64,5.63
4/10/2015,538.53,382.65,67.64,31.78,5.69
4/13/2015,537.69,382.36,67.08,31.71,5.64
4/14/2015,528.94,385.11,66.91,31.58,5.59
4/15/2015,531.07,383.45,67.21,31.7,5.66
4/16/2015,532.34,386.04,67.91,31.54,5.62
4/17/2015,522.62,375.56,65.81,31.19,5.55
4/20/2015,533.91,389.51,66.9,31.9,5.52
4/21/2015,532.51,391.18,67.38,31.73,5.51
4/22/2015,537.89,389.8,67.71,32.16,5.58
4/23/2015,545.5,389.99,68.47,32.42,5.56
4/24/2015,563.51,445.1,67.83,32.57,5.51
4/27/2015,555.37,438.56,67.84,33.16,5.55
4/28/2015,553.68,429.31,66.89,32.64,5.58
4/29/2015,549.08,429.37,74.65,32.16,5.54
4/30/2015,537.34,421.78,72.82,31.29,5.55
5/1/2015,537.9,422.87,73.36,32.24,5.69
5/4/2015,540.78,423.04,71.6,32.17,5.65
5/5/2015,530.8,421.19,72.75,31.45,5.51
5/6/2015,524.22,419.1,73.79,31.25,5.53
5/7/2015,530.7,426.88,74.52,31.32,5.62
5/8/2015,538.22,433.69,72.4,31.91,5.21
5/11/2015,535.7,432.85,71.2,31.58,5.16
5/12/2015,529.04,431.02,71.77,31.47,5.21
5/13/2015,529.62,426.87,71.79,31.5,5.24
5/14/2015,538.4,432.28,72.88,32.24,5.32
5/15/2015,533.85,426,72.4,32.19,5.33
5/18/2015,532.3,425.24,72.8,32.55,5.32
5/19/2015,537.36,421.71,71.48,32.52,5.26
5/20/2015,539.27,423.86,70.16,32.52,5.26
5/21/2015,542.51,431.63,72.91,32.85,5.22
5/22/2015,540.11,427.63,75.01,33.14,5.22
5/26/2015,532.32,425.47,73.57,32.41,5.18
5/27/2015,539.79,431.42,73.95,33.01,5.46
5/28/2015,539.78,426.57,72.68,32.95,5.54
5/29/2015,532.11,429.23,72.75,32.57,5.53
6/1/2015,533.99,430.92,73.1,32.63,5.6
6/2/2015,539.18,430.99,72.9,32.49,5.48
6/3/2015,540.31,436.59,73.47,32.53,5.43
6/4/2015,536.7,430.78,72.21,32.34,5.52
6/5/2015,533.33,426.95,73.55,32.16,5.57
6/8/2015,526.83,423.5,71.84,31.95,5.44
6/9/2015,526.69,425.48,71.76,31.86,5.47
6/10/2015,536.69,430.77,73.03,32.22,5.37
6/11/2015,534.61,432.97,72.4,32.15,5.43
6/12/2015,532.33,429.92,71.77,31.79,5.28
6/15/2015,527.2,423.67,72.56,31.73,5.27
6/16/2015,528.15,427.26,73.4,31.9,5.33
6/17/2015,529.26,427.81,74.42,31.83,5.4
6/18/2015,536.73,439.39,75.71,31.97,5.49
6/19/2015,536.69,434.92,75,31.65,5.47
6/22/2015,538.19,436.29,74.78,31.9,5.44
6/23/2015,540.48,445.99,74.2,31.76,5.31
6/24/2015,537.84,440.84,73.5,32.03,5.25
6/25/2015,535.23,440.1,73.61,31.88,5.29
6/26/2015,531.69,438.1,72.34,31.69,5.19
6/29/2015,521.52,429.86,70,31.13,5.03
6/30/2015,520.51,434.09,69.63,31.36,5.03
7/1/2015,521.84,437.39,70.54,31.65,5.1
7/2/2015,523.4,437.71,70.42,31.61,5.11
7/6/2015,522.86,436.04,69.16,31.5,5.04
7/7/2015,525.02,436.72,70.26,31.42,4.95
7/8/2015,516.83,429.7,69.39,30.64,4.91
7/9/2015,520.68,434.39,69.96,30.02,4.85
7/10/2015,530.13,443.51,71.14,30.82,4.94
7/13/2015,546.55,455.57,71.05,31.42,4.97
7/14/2015,561.1,465.57,71.79,31.4,4.97
7/15/2015,560.22,461.19,71.36,31.71,4.94
7/16/2015,579.85,475.48,72.42,32.13,5.05
7/17/2015,672.93,483.01,72.81,32.41,5.02
7/20/2015,663.02,488.1,72.77,33.02,4.93
7/21/2015,662.3,488,73.83,32.69,4.95
7/22/2015,662.1,488.27,73.87,31.31,4.85
7/23/2015,644.28,482.18,72.21,31.29,4.91
7/24/2015,623.56,529.42,73.92,31.13,4.86
7/27/2015,627.26,531.41,72.46,30.69,4.83
7/28/2015,628,526.03,73.79,30.85,4.93
7/29/2015,631.93,529,73.88,30.75,4.99
7/30/2015,632.59,536.76,73.36,30.59,5.01
7/31/2015,625.61,536.15,73.3,30.33,4.99
8/3/2015,631.21,535.03,72.44,29.61,5.07
8/4/2015,629.25,531.9,71.89,28.66,5.09
8/5/2015,643.78,537.01,72.53,28.85,5.15
8/6/2015,642.68,529.46,70.43,28.78,5.11
8/7/2015,635.3,522.62,70.41,28.88,5.75
8/10/2015,633.73,524,71.27,29.93,5.95
8/11/2015,660.78,527.46,71.63,28.37,5.92
8/12/2015,659.56,525.91,71.04,28.81,5.93
8/13/2015,656.45,529.66,71.4,28.79,5.88
8/14/2015,657.12,531.52,72.99,28.99,5.89
8/17/2015,660.87,535.22,74.04,29.29,5.85
8/18/2015,656.13,535.02,72.58,29.13,5.77
8/19/2015,660.9,532.92,72.04,28.75,5.75
8/20/2015,646.83,515.78,67.82,28.16,5.54
8/21/2015,612.48,494.47,69.15,26.44,5.37
8/24/2015,589.61,463.37,65.17,25.78,5.18
8/25/2015,582.06,466.37,65.18,25.94,5.07
8/26/2015,628.62,500.77,68.52,27.42,5.45
8/27/2015,637.61,518.37,69.94,28.23,5.66
8/28/2015,630.38,518.01,70.25,28.32,5.68
8/31/2015,618.25,512.89,69.36,28.19,5.62
9/1/2015,597.79,496.54,66.63,26.93,5.39
9/2/2015,614.34,510.55,67.98,28.09,5.55
9/3/2015,606.25,504.72,68.25,27.59,5.57
9/4/2015,600.7,499,67.13,27.32,5.44
9/8/2015,614.66,517.54,70.76,28.08,5.67
9/9/2015,612.72,516.89,69.03,27.54,5.56
9/10/2015,621.35,522.24,69.74,28.14,5.65
9/11/2015,625.77,529.44,70.05,28.55,5.66
9/14/2015,623.24,521.38,69.89,28.83,5.67
9/15/2015,635.14,522.37,71.27,29.07,5.74
9/16/2015,635.98,527.39,71.88,29.1,5.78
9/17/2015,642.9,538.87,72.32,28.48,5.83
9/18/2015,629.25,540.26,71.4,28.36,5.82
9/21/2015,635.44,548.39,72.14,28.8,5.88
9/22/2015,622.69,538.4,71.65,28.35,5.72
9/23/2015,622.36,536.07,71.99,28.58,5.75
9/24/2015,625.8,533.75,71.71,28.75,5.86
9/25/2015,611.97,524.25,72.44,28.68,5.9
9/28/2015,594.89,504.06,69.04,28.11,5.83
9/29/2015,594.97,496.07,68.38,27.27,5.93
9/30/2015,608.42,511.89,69.43,27.58,6.16
10/1/2015,611.29,520.72,72.91,27.4,6.04
10/2/2015,626.91,532.54,73.93,27.6,6.2
10/5/2015,641.47,543.68,75.27,27.7,6.36
10/6/2015,645.44,537.48,74.42,27.83,6.44
10/7/2015,642.36,541.94,75,27.7,6.51
10/8/2015,639.16,533.16,75.09,27.38,6.54
10/9/2015,643.61,539.8,75.25,28.03,6.52
10/12/2015,646.67,550.19,75.88,27.9,6.59
10/13/2015,652.3,548.9,76.63,27.95,6.6
10/14/2015,651.16,544.83,75.58,27.55,6.84
10/15/2015,661.74,562.44,77.7,27.97,6.86
10/16/2015,662.2,570.76,78.77,27.76,6.97
10/19/2015,666.1,573.15,77.93,27.93,6.95
10/20/2015,650.28,560.88,77.53,28.44,6.94
10/21/2015,642.61,555.77,75.83,28.44,6.85
10/22/2015,651.79,563.91,77.37,28.88,7.1
10/23/2015,702,599.03,78.56,29.77,7.15
10/26/2015,712.78,608.61,78.22,28.82,7.12
10/27/2015,708.49,611.01,77.75,28.64,7.11
10/28/2015,712.95,617.1,78.53,29.82,7.17
10/29/2015,716.92,626.55,78.14,30.13,6.92
10/30/2015,710.81,625.9,77.71,29.88,7.09
11/2/2015,721.11,628.35,79.2,30.3,7.18
11/3/2015,722.16,625.31,78.63,30.64,7.13
11/4/2015,728.11,640.95,78.39,30.5,7.01
11/5/2015,731.25,655.65,78.71,30.23,6.93
11/6/2015,733.76,659.37,79.41,30.27,7.89
11/9/2015,724.89,655.49,78.22,30.14,7.85
11/10/2015,728.32,659.68,78.25,29.19,7.7
11/11/2015,735.4,673.25,78.71,29.03,7.63
11/12/2015,731.23,665.6,78.3,28.93,7.6
11/13/2015,717,642.35,75.6,28.09,7.45
11/16/2015,728.96,647.81,76.26,28.54,7.6
11/17/2015,725.3,643.3,77.24,28.42,7.6
11/18/2015,740,663.54,77.35,29.32,7.76
11/19/2015,738.41,661.27,80.64,29.7,7.78
11/20/2015,756.6,668.45,80.99,29.83,7.85
11/23/2015,755.98,678.99,80.78,29.44,7.73
11/24/2015,748.28,671.15,80.39,29.72,7.79
11/25/2015,748.15,675.34,80.41,29.51,7.78
11/27/2015,750.26,673.26,79.97,29.45,7.85
11/30/2015,742.6,664.8,79.69,29.58,7.93
12/1/2015,767.04,679.06,81.01,29.34,8.19
12/2/2015,762.38,676.01,80.88,29.07,8.13
12/3/2015,752.54,666.25,79.93,28.8,8.11
12/4/2015,766.81,672.64,82.14,29.76,8.44
12/7/2015,763.25,669.83,80.68,29.57,8.28
12/8/2015,762.37,677.33,81.08,29.56,8.39
12/9/2015,751.61,664.79,79.71,28.91,8.18
12/10/2015,749.46,662.32,79.38,29.04,8.24
12/11/2015,738.87,640.15,76.87,28.3,8.12
12/14/2015,747.77,657.91,76.99,28.12,8.14
12/15/2015,743.4,658.64,77.37,27.62,8.24
12/16/2015,758.09,675.77,78.89,27.84,8.29
12/17/2015,749.43,670.65,78.43,27.25,8.17
12/18/2015,739.31,664.14,77.03,26.51,8.04
12/21/2015,747.77,664.51,77.29,26.83,8.22
12/22/2015,750,663.15,77.86,26.81,8.23
12/23/2015,750.31,663.7,78.04,27.15,8.26
12/24/2015,748.4,662.79,77.83,27.01,8.29
12/28/2015,762.51,675.2,78.2,26.71,8.29
12/29/2015,776.6,693.97,79.44,27.19,8.42
12/30/2015,771,689.07,79.14,26.83,8.35
12/31/2015,758.88,675.89,78.4,26.32,8.24
1/4/2016,741.84,636.99,76.71,26.34,8.09
1/5/2016,742.58,633.79,77.05,25.68,8.22
1/6/2016,743.62,632.65,76.29,25.18,7.88
1/7/2016,726.39,607.94,74.3,24.11,7.57
1/8/2016,714.47,607.05,73.23,24.24,7.41
1/11/2016,716.03,617.74,73.18,24.63,7.42
1/12/2016,726.07,617.89,74.46,24.99,7.55
1/13/2016,700.56,581.81,72.35,24.35,7.32
1/14/2016,714.72,593,73.07,24.88,7.17
1/15/2016,694.45,570.18,70.86,24.28,6.78
1/19/2016,701.79,574.48,70.8,24.17,6.83
1/20/2016,698.45,571.77,70.33,24.2,6.87
1/21/2016,706.59,575.02,69.51,24.08,6.95
1/22/2016,725.25,596.38,71.55,25.36,7.11
1/25/2016,711.67,596.53,69.92,24.86,7.11
1/26/2016,713.04,601.25,69.87,25,7.18
1/27/2016,699.99,583.35,67.43,23.36,7.09
1/28/2016,730.96,635.35,65.69,23.52,7.01
1/29/2016,742.95,587,68.06,24.34,7.32
2/1/2016,752,574.81,68.44,24.11,7.33
2/2/2016,764.65,552.1,64.52,23.62,7.02
2/3/2016,726.95,531.07,65.34,24.09,7.05
2/4/2016,708.01,536.26,67.2,24.15,7.05
2/5/2016,683.57,502.13,58.51,23.51,6.61
2/8/2016,682.74,488.1,54.05,23.75,6.31
2/9/2016,678.11,482.07,57.33,23.75,6.37
2/10/2016,684.12,490.48,58.76,23.57,6.36
2/11/2016,683.11,503.82,59.24,23.43,6.33
2/12/2016,682.4,507.08,59.68,23.5,6.43
2/16/2016,691,521.1,59.72,24.16,6.75
2/17/2016,708.4,534.1,63.49,24.53,6.92
2/18/2016,697.35,525,61.7,24.07,7.51
2/19/2016,700.91,534.9,62.14,24.01,7.61
2/22/2016,706.46,559.5,63.98,24.22,7.88
2/23/2016,695.85,552.94,62.9,23.67,7.9
2/24/2016,699.56,554.04,62.52,24.03,7.96
2/25/2016,705.75,555.15,69.42,24.19,7.97
2/26/2016,705.07,555.23,69.72,24.23,7.92
2/29/2016,697.77,552.52,67.75,24.17,7.84
3/1/2016,718.81,579.04,70.02,25.13,8.19
3/2/2016,718.85,580.21,70.43,25.19,8.24
3/3/2016,712.42,577.49,70.8,25.38,8.16
3/4/2016,710.89,575.14,71.06,25.75,8.14
3/7/2016,695.16,562.8,70.49,25.47,8.09
3/8/2016,693.97,560.26,69.82,25.26,7.94
3/9/2016,705.24,559.47,71.04,25.28,7.93
3/10/2016,712.82,558.93,70.7,25.29,7.92
3/11/2016,726.82,569.61,71.63,25.57,8.06
3/14/2016,730.49,573.37,72.22,25.63,8.07
3/15/2016,728.33,577.02,71.7,26.15,8.04
3/16/2016,736.09,574.27,72.73,26.49,8.28
3/17/2016,737.78,559.44,72.72,26.45,8.21
3/18/2016,737.6,552.08,72.65,26.48,8.45
3/21/2016,742.09,553.98,72.25,26.48,8.48
3/22/2016,740.75,560.48,72.85,26.68,8.46
3/23/2016,738.06,569.63,71.78,26.53,8.61
3/24/2016,735.3,582.95,72.44,26.42,8.62
3/28/2016,733.53,579.87,71.95,26.3,8.71
3/29/2016,744.77,593.86,72.3,26.92,8.85
3/30/2016,750.53,598.69,74.3,27.39,8.94
3/31/2016,744.95,593.64,73.83,27.25,8.91
4/1/2016,749.91,598.5,75.73,27.5,9.04
4/4/2016,745.29,593.19,75.69,27.78,8.95
4/5/2016,737.8,586.14,74.58,27.45,8.94
4/6/2016,745.69,602.08,75.58,27.74,8.95
4/7/2016,740.28,591.43,75.32,27.14,8.86
4/8/2016,739.15,594.6,74.85,27.17,8.91
4/11/2016,736.1,595.93,74.16,27.26,8.97
4/12/2016,743.09,603.17,74.27,27.61,8.96
4/13/2016,751.72,614.82,75.95,28.01,9.19
4/14/2016,753.2,620.75,76.15,28.03,9.21
4/15/2016,759,625.89,76.31,27.46,9.28
4/18/2016,766.61,635.35,77.27,26.87,9.24
4/19/2016,753.93,627.9,76.19,26.73,9.08
4/20/2016,752.67,632.99,76.14,26.78,9.11
4/21/2016,759.14,631,77.15,26.49,9.1
4/22/2016,718.77,620.5,76.48,26.42,9.07
4/25/2016,723.15,626.2,76.51,26.27,9.11
4/26/2016,708.14,616.88,76.21,26.09,9.12
4/27/2016,705.84,606.57,75.69,24.46,9.33
4/28/2016,691.02,602,75.38,23.71,9.05
4/29/2016,693.01,659.59,75.8,23.44,8.88
5/2/2016,698.21,683.85,77.25,23.41,9
5/3/2016,692.36,671.32,74.9,23.8,8.89
5/4/2016,695.7,670.9,73.99,23.55,8.69
5/5/2016,701.43,659.09,73.81,23.31,8.74
5/6/2016,711.12,673.95,74.25,23.18,8.83
5/9/2016,712.9,679.75,74.62,23.2,8.82
5/10/2016,723.18,703.07,75.92,23.36,8.99
5/11/2016,715.29,713.23,75.79,23.13,9.02
5/12/2016,713.31,717.93,75.89,22.59,8.89
5/13/2016,710.83,709.92,76.37,22.63,10.25
5/16/2016,716.49,710.66,77.31,23.47,10.55
5/17/2016,706.23,695.27,76.77,23.37,10.57
5/18/2016,706.63,697.45,77.87,23.64,10.84
5/19/2016,700.32,698.52,81.09,23.55,10.89
5/20/2016,709.74,702.8,81.02,23.81,11.08
5/23/2016,704.24,696.75,81.73,24.11,11.1
5/24/2016,720.09,704.2,82.75,24.48,11.34
5/25/2016,725.27,708.35,83.57,24.91,11.29
5/26/2016,724.12,714.91,83.35,25.1,11.41
5/27/2016,732.66,712.24,83.77,25.09,11.48
5/31/2016,735.72,722.79,83.71,24.97,11.68
6/1/2016,734.15,719.44,83.45,24.62,11.7
6/2/2016,730.4,728.24,83.24,24.43,11.79
6/3/2016,722.34,725.54,82.55,24.48,11.62
6/6/2016,716.55,726.73,82.83,24.66,11.56
6/7/2016,716.65,723.74,83.14,24.76,11.58
6/8/2016,728.28,726.64,83.35,24.74,11.55
6/9/2016,728.58,727.65,82.73,24.91,11.85
6/10/2016,719.41,717.91,81.83,24.71,11.55
6/13/2016,718.36,715.24,81.49,24.34,11.7
6/14/2016,718.27,719.3,81.09,24.37,11.72
6/15/2016,718.92,714.26,81.99,24.29,11.84
6/16/2016,710.36,717.51,81.64,24.39,11.89
6/17/2016,691.72,706.39,80.5,23.83,11.68
6/20/2016,693.71,714.01,81.22,23.78,11.89
6/21/2016,695.94,715.82,81.63,23.98,11.82
6/22/2016,697.46,710.6,80.62,23.89,11.81
6/23/2016,701.87,722.08,82.28,24.03,12.12
6/24/2016,675.22,698.96,78.46,23.35,11.43
6/27/2016,668.26,691.36,76.07,23.01,11.31
6/28/2016,680.04,707.95,77.55,23.4,11.48
6/29/2016,684.11,715.6,79,23.6,11.66
6/30/2016,692.1,715.62,79.41,23.9,11.75
7/1/2016,699.21,725.68,79.83,23.97,11.67
7/5/2016,694.49,728.1,78.67,23.75,11.84
7/6/2016,697.77,737.61,78.5,23.88,11.91
7/7/2016,695.36,736.57,78.76,23.99,12.22
7/8/2016,705.63,745.81,80.89,24.17,12.71
7/11/2016,715.09,753.78,81.66,24.25,13.01
7/12/2016,720.64,748.21,81.93,24.36,13.2
7/13/2016,716.98,742.63,81.33,24.22,13.2
7/14/2016,720.95,741.2,81.56,24.7,13.33
7/15/2016,719.85,735.44,81.4,24.7,13.18
7/18/2016,733.78,736.07,81.63,24.96,13.24
7/19/2016,736.96,739.95,81.37,24.97,13.38
7/20/2016,741.19,745.72,82.14,24.99,13.56
7/21/2016,738.63,744.43,81.7,24.86,13.31
7/22/2016,742.74,744.86,82.55,24.67,13.67
7/25/2016,739.77,739.61,82.19,24.34,13.92
7/26/2016,738.42,735.59,81.76,24.17,14.16
7/27/2016,741.77,736.67,81.5,25.74,14.02
7/28/2016,745.91,752.61,82.33,26.09,14.05
7/29/2016,768.79,758.81,81.8,26.05,14.28
8/1/2016,772.88,767.74,81.02,26.51,14.18
8/2/2016,771.07,760.58,80.5,26.12,14.01
8/3/2016,773.18,754.64,80.41,26.45,14.05
8/4/2016,771.61,760.77,80.56,26.47,14.31
8/5/2016,782.22,765.98,81.33,26.87,14.55
8/8/2016,781.76,766.56,81.17,27.09,14.69
8/9/2016,784.26,768.31,81.18,27.2,14.72
8/10/2016,784.68,768.56,80.24,27,14.63
8/11/2016,784.85,771.24,81.48,26.98,14.93
8/12/2016,783.22,772.56,81.63,27.05,15.76
8/15/2016,782.44,768.49,78.92,27.37,15.75
8/16/2016,777.14,764.04,77.96,27.35,15.65
8/17/2016,779.91,764.63,76.32,27.31,15.29
8/18/2016,777.5,764.46,76.91,27.27,15.53
8/19/2016,775.42,757.31,77.48,27.34,15.57
8/22/2016,772.15,759.48,77.25,27.13,15.63
8/23/2016,772.08,762.45,78.02,27.21,15.73
8/24/2016,769.64,757.25,77.82,27.01,15.49
8/25/2016,769.41,759.22,80.16,26.89,15.38
8/26/2016,769.54,769,80.03,26.74,15.51
8/29/2016,772.15,771.29,79.92,26.71,15.5
8/30/2016,769.09,767.58,79.83,26.5,15.41
8/31/2016,767.05,769.16,79.42,26.53,15.34
9/1/2016,768.78,770.62,75.91,26.68,15.79
9/2/2016,771.46,772.44,75.1,26.93,15.63
9/6/2016,780.08,788.87,75.42,26.93,15.78
9/7/2016,780.35,784.48,75.01,27.09,15.55
9/8/2016,775.32,784.06,74.88,26.38,15.66
9/9/2016,759.66,760.14,74.2,25.78,14.88
9/12/2016,769.02,771.49,74.36,26.36,15.19
9/13/2016,759.69,761.01,73.06,26.99,14.97
9/14/2016,762.49,761.09,73.82,27.94,15.1
9/15/2016,771.76,769.69,73.99,28.89,15.67
9/16/2016,768.88,778.52,73.29,28.73,15.71
9/19/2016,765.7,775.1,73,28.4,15.92
9/20/2016,771.41,780.22,72.91,28.39,15.77
9/21/2016,776.22,789.74,74.18,28.39,16.22
9/22/2016,787.21,804.7,74.59,28.66,16.26
9/23/2016,786.9,805.75,70.39,28.18,16.24
9/26/2016,774.21,799.16,70.19,28.22,16.09
9/27/2016,783.01,816.11,70.05,28.27,16.64
9/28/2016,781.56,828.72,71.62,28.49,16.7
9/29/2016,775.01,829.05,71.2,28.05,16.85
9/30/2016,777.29,837.31,71.33,28.26,17.13
10/3/2016,772.56,836.74,70.52,28.13,17.11
10/4/2016,776.43,834.03,72.63,28.25,17.08
10/5/2016,776.47,844.36,68.42,28.26,17.06
10/6/2016,776.86,841.66,71.26,28.47,16.84
10/7/2016,775.08,839.43,70.91,28.52,16.71
10/10/2016,785.94,841.71,75.1,29.01,16.77
10/11/2016,783.07,831,72.42,29.08,16.53
10/12/2016,786.14,834.09,72.23,29.34,16.61
10/13/2016,778.19,829.28,70.63,29.25,16.34
10/14/2016,778.53,822.96,74.27,29.41,16.5
10/17/2016,779.96,812.95,72.83,29.39,16.4
10/18/2016,795.26,817.65,72.77,29.37,16.65
10/19/2016,801.56,817.69,72.82,29.28,16.62
10/20/2016,796.97,810.32,72.59,29.27,16.93
10/21/2016,799.37,818.99,74,29.15,16.89
10/24/2016,813.11,838.09,75.06,29.41,17.68
10/25/2016,807.67,835.18,75.06,29.56,17.97
10/26/2016,799.07,822.59,74.95,28.9,18.04
10/27/2016,795.35,818.36,74.74,28.62,17.67
10/28/2016,795.37,776.32,75.13,28.43,17.64
10/31/2016,784.54,789.82,75.16,28.39,17.79
11/1/2016,783.61,785.41,75.45,27.87,17.26
11/2/2016,768.7,765.56,75,27.9,17.19
11/3/2016,762.13,767.03,74.14,27.46,16.99
11/4/2016,762.02,755.05,74.37,27.21,16.89
11/7/2016,782.52,784.93,76.3,27.6,17.82
11/8/2016,790.51,787.75,76.55,27.77,17.79
11/9/2016,785.31,771.88,75.9,27.72,17.49
11/10/2016,762.56,742.38,73.63,26.95,16.94
11/11/2016,754.02,739.01,74.59,27.11,21.99
11/14/2016,736.08,719.07,72.76,26.43,20.91
11/15/2016,758.49,743.24,74.02,26.78,21.55
11/16/2016,764.48,746.49,73.31,27.5,22.91
11/17/2016,771.23,756.4,75.19,27.49,23.1
11/18/2016,760.54,760.16,77.77,27.52,23.34
11/21/2016,769.2,780,76.15,27.93,23.25
11/22/2016,768.27,785.33,75.57,27.95,23.41
11/23/2016,760.99,780.12,73.95,27.81,23.49
11/25/2016,761.68,780.37,73.73,27.95,23.54
11/28/2016,768.24,766.77,72.93,27.89,23.53
11/29/2016,770.84,762.52,72.93,27.87,23.31
11/30/2016,758.04,750.57,72,27.63,23.05
12/1/2016,747.92,743.65,68.46,27.37,21.91
12/2/2016,750.5,740.34,68.41,27.48,22.11
12/5/2016,762.52,759.36,70.8,27.28,22.97
12/6/2016,759.11,764.72,70.62,27.49,23.35
12/7/2016,771.19,770.42,71.78,27.76,23.77
12/8/2016,776.42,767.33,71.86,28.03,23.37
12/9/2016,789.29,768.66,71.17,28.49,22.96
12/12/2016,789.27,760.12,70.38,28.33,22.4
12/13/2016,796.1,774.34,71.61,28.8,22.79
12/14/2016,797.07,768.82,71.33,28.8,24.11
12/15/2016,797.85,761,70.23,28.96,24.68
12/16/2016,790.8,757.77,69.86,28.99,25.1
12/19/2016,794.2,766,69.51,29.16,25.41
12/20/2016,796.42,771.22,69.86,29.24,26.29
12/21/2016,794.56,770.6,70.11,29.27,26.46
12/22/2016,791.26,766.34,69.9,29.07,26.78
12/23/2016,789.91,760.59,69.87,29.13,27.45
12/27/2016,791.55,771.4,69.85,29.32,29.33
12/28/2016,785.05,772.13,69.09,29.19,27.31
12/29/2016,782.79,765.15,69.15,29.18,27.86
12/30/2016,771.82,749.87,68.46,28.96,26.69
1/3/2017,786.14,753.67,70.54,29.04,25.5
1/4/2017,786.9,757.18,72.8,29.01,26.1
1/5/2017,794.02,780.45,72.79,29.15,25.44
1/6/2017,806.15,795.99,73.8,29.48,25.78
1/9/2017,806.65,796.92,73.96,29.75,26.82
1/10/2017,804.79,795.9,73.98,29.78,26.62
1/11/2017,807.91,799.02,75.77,29.94,26.29
1/12/2017,806.36,813.64,75.21,29.81,25.86
1/13/2017,807.88,817.14,75.64,29.76,25.86
1/17/2017,804.61,809.72,75.02,30,25.28
1/18/2017,806.07,807.48,75.78,30,25.74
1/19/2017,802.18,809.04,75.57,29.95,26.29
1/20/2017,805.02,808.33,76.03,30,26
1/23/2017,819.31,817.88,76.16,30.02,26.27
1/24/2017,823.87,822.44,77.11,29.99,26.83
1/25/2017,835.67,836.52,78.47,30.47,26.95
1/26/2017,832.15,839.15,77.95,30.49,27.41
1/27/2017,823.31,835.77,78.21,30.49,27.94
1/30/2017,802.32,830.38,78.71,30.41,27.51
1/31/2017,796.79,823.48,79.1,30.34,27.3
2/1/2017,795.7,832.35,78.58,32.19,28.49
2/2/2017,798.53,839.95,80.13,32.13,28.85
2/3/2017,801.49,810.2,80.21,32.27,28.6
2/6/2017,801.34,807.64,79.75,32.57,29.33
2/7/2017,806.97,812.5,80.21,32.88,29.78
2/8/2017,808.38,819.71,80.7,33.01,29.65
2/9/2017,809.56,821.36,81.03,33.1,29.1
2/10/2017,813.67,827.46,80.64,33.03,28.41
2/13/2017,819.24,836.53,80.91,33.32,27.1
2/14/2017,820.45,836.39,80.92,33.76,27.2
2/15/2017,818.98,842.7,81.67,33.88,27.25
2/16/2017,824.16,844.14,80.82,33.84,26.81
2/17/2017,828.07,845.07,81.47,33.93,26.81
2/21/2017,831.66,856.44,82.18,34.17,27.77
2/22/2017,830.76,855.61,82.08,34.28,27.69
2/23/2017,831.33,852.19,82.07,34.13,25.12
2/24/2017,828.64,845.24,81.78,34.17,25.37
2/27/2017,829.28,848.64,81.54,34.23,26.1
2/28/2017,823.21,845.04,81.35,34.25,25.37
3/1/2017,835.24,853.08,83.81,34.95,25.7
3/2/2017,830.63,848.91,82.67,34.74,24.75
3/3/2017,829.08,849.88,82.22,34.95,24.61
3/6/2017,827.78,846.61,82.5,34.84,24.42
3/7/2017,831.91,846.02,82.97,34.88,24.69
3/8/2017,835.37,850.5,83.48,34.75,24.64
3/9/2017,838.68,853,83.28,34.67,24.64
3/10/2017,843.25,852.46,83.51,34.78,24.78
3/13/2017,845.54,854.59,83.61,34.8,25.46
3/14/2017,845.62,852.53,83.51,34.75,25.45
3/15/2017,847.2,852.97,83.48,35.12,25.64
3/16/2017,848.78,853.42,83.52,35.17,25.95
3/17/2017,852.12,852.31,83.03,35,26.52
3/20/2017,848.4,856.97,82.9,35.37,27.36
3/21/2017,830.46,843.2,81.55,34.96,26.48
3/22/2017,829.59,848.06,81.88,35.35,27.02
3/23/2017,817.58,847.38,81.52,35.23,26.77
3/24/2017,814.43,845.61,81.61,35.16,26.87
3/27/2017,819.51,846.82,81.61,35.22,27.06
3/28/2017,820.92,856,82.14,35.95,26.92
3/29/2017,831.41,874.32,82.38,36.03,26.84
3/30/2017,831.5,876.34,82.56,35.98,27.35
3/31/2017,829.56,886.54,82.49,35.92,27.23
4/3/2017,838.55,891.51,82.31,35.92,27.1
4/4/2017,834.57,906.83,82.97,36.19,25.2
4/5/2017,831.41,909.28,85.34,36.01,25.01
4/6/2017,827.88,898.28,85,35.92,25.19
4/7/2017,824.67,894.88,84.38,35.84,25.08
4/10/2017,824.73,907.04,84.24,35.79,24.44
4/11/2017,823.35,902.36,83.86,35.41,24.53
4/12/2017,824.32,896.23,83.37,35.45,24.33
4/13/2017,823.56,884.67,83.13,35.26,23.87
4/17/2017,837.17,901.99,84.2,35.46,24.81
4/18/2017,836.82,903.78,83.71,35.3,24.82
4/19/2017,838.21,899.2,83.5,35.17,24.92
4/20/2017,841.65,902.06,84.05,35.61,25.32
4/21/2017,843.19,898.53,83.79,35.57,25.42
4/24/2017,862.76,907.41,84.17,35.91,25.74
4/25/2017,872.3,907.62,84.75,36.13,26.19
4/26/2017,871.73,909.29,84.95,35.92,26.01
4/27/2017,874.25,918.38,85.85,35.95,26.41
4/28/2017,905.96,924.99,86.12,35.91,26.08
5/1/2017,912.57,948.23,86.66,36.65,26.66
5/2/2017,916.44,946.94,87.09,36.88,25.87
5/3/2017,927.04,941.03,86.55,36.77,26.06
5/4/2017,931.66,937.53,86.52,36.63,25.96
5/5/2017,927.13,934.15,86.97,37.24,25.97
5/8/2017,934.3,949.04,86.86,38.25,25.69
5/9/2017,932.17,952.82,87.13,38.5,25.74
5/10/2017,928.78,948.95,87.31,38.32,30.32
5/11/2017,930.6,947.62,87.71,38.49,31.63
5/12/2017,932.22,961.35,89.04,39.03,31.97
5/15/2017,937.08,957.97,89.8,38.92,33.58
5/16/2017,943,966.07,89.75,38.87,34.2
5/17/2017,919.62,944.76,87.84,37.56,31.93
5/18/2017,930.24,958.49,87.75,38.14,33.27
5/19/2017,934.01,959.84,87.4,38.27,34
5/22/2017,941.86,970.67,88.94,38.5,34.73
5/23/2017,948.82,971.54,88.49,38.45,34.26
5/24/2017,954.96,980.35,89.6,38.34,34.64
5/25/2017,969.54,993.38,91.27,38.47,34.57
5/26/2017,971.47,995.78,90.83,38.4,35.46
5/30/2017,975.88,996.7,90.86,38.42,36.22
5/31/2017,964.86,994.62,89.64,38.19,36.09
6/1/2017,966.95,995.95,90.05,38.3,36.09
6/2/2017,975.6,1006.73,90.86,38.86,35.91
6/5/2017,983.68,1011.34,91.38,38.48,37
6/6/2017,976.57,1003,91.1,38.61,36.84
6/7/2017,981.08,1010.07,91.39,38.84,37.28
6/8/2017,983.41,1010.27,91.25,38.75,39.99
6/9/2017,949.83,978.31,87.27,37.24,37.4
6/12/2017,942.9,964.91,86.18,36.35,37.49
6/13/2017,953.4,980.79,87.27,36.65,37.85
6/14/2017,950.76,976.47,87.17,36.29,37.93
6/15/2017,942.31,964.17,86.27,36.07,38.09
6/16/2017,939.78,987.71,86,35.57,37.91
6/19/2017,957.37,995.17,87.54,36.59,39.33
6/20/2017,950.63,992.59,86.92,36.25,39.27
6/21/2017,959.45,1002.23,87.56,36.47,39.87
6/22/2017,957.09,1001.3,88.47,36.41,39.59
6/23/2017,965.59,1003.74,88.62,36.57,38.46
6/26/2017,952.27,993.98,88.11,36.46,38.04
6/27/2017,927.33,976.78,87.68,35.93,36.65
6/28/2017,940.49,990.33,88.09,36.46,37.94
6/29/2017,917.79,975.93,86.8,35.92,36.67
6/30/2017,908.73,968,86.6,36.01,36.14
7/3/2017,898.7,953.66,86.1,35.88,34.83
7/5/2017,911.71,971.4,87.5,36.02,35.76
7/6/2017,906.69,965.14,86.85,35.68,35.87
7/7/2017,918.59,978.76,87.92,36.05,36.69
7/10/2017,928.8,996.47,88.5,36.27,38.42
7/11/2017,930.09,994.13,88.35,36.38,38.97
7/12/2017,943.83,1006.51,90.4,36.44,40.63
7/13/2017,947.16,1000.63,89.57,36.94,40.16
7/14/2017,955.99,1001.81,90,37.26,41.24
7/17/2017,953.42,1010.04,89.29,37.39,41.06
7/18/2017,965.4,1024.45,89.27,37.52,41.49
7/19/2017,970.89,1026.87,89.56,37.76,41.28
7/20/2017,968.15,1028.7,90.54,37.59,41.88
7/21/2017,972.92,1025.67,89.69,37.57,42.03
7/24/2017,980.34,1038.95,89.67,38.02,41.54
7/25/2017,950.7,1039.87,90.63,38.19,41.34
7/26/2017,947.8,1052.8,91.07,38.37,41.82
7/27/2017,934.09,1046,90.51,37.64,40.44
7/28/2017,941.53,1020.04,90.62,37.38,41.1
7/31/2017,930.5,987.78,90.8,37.18,40.63
8/1/2017,930.83,996.19,91.22,37.51,41.12
8/2/2017,930.39,995.89,89.89,39.28,41.1
8/3/2017,923.65,986.92,90.35,38.89,41.62
8/4/2017,927.96,987.58,90.45,39.1,41.8
8/7/2017,929.36,992.27,90.5,39.7,43.09
8/8/2017,926.79,989.84,90.26,40.02,42.58
8/9/2017,922.9,982.01,90.12,40.27,43.03
8/10/2017,907.24,956.92,87.63,38.83,41.19
8/11/2017,914.39,967.99,88.29,39.37,38.99
8/14/2017,922.67,983.3,90.25,39.96,42.1
8/15/2017,922.22,982.74,90.7,40.4,41.75
8/16/2017,926.96,978.18,92.24,40.24,41.29
8/17/2017,910.98,960.57,90.88,39.47,40.37
8/18/2017,910.67,958.47,90.76,39.38,40.38
8/21/2017,906.66,953.29,91.76,39.3,39.79
8/22/2017,924.69,966.9,92.95,39.95,40.64
8/23/2017,927,958,93.07,39.99,41.45
8/24/2017,921.28,952.45,94.15,39.82,41.3
8/25/2017,915.89,945.26,94.1,39.97,40.95
8/28/2017,913.81,946.02,93.66,40.37,41.24
8/29/2017,921.29,954.06,93.83,40.73,41.18
8/30/2017,929.57,967.59,94.86,40.84,41.42
8/31/2017,939.33,980.6,95.49,41,42.36
9/1/2017,937.34,978.25,96.01,41.01,42.62
9/5/2017,928.45,965.27,96.18,40.52,41.48
9/6/2017,927.81,967.8,95.82,40.48,41.45
9/7/2017,935.95,979.47,96.73,40.32,41.65
9/8/2017,926.5,965.9,96.43,39.66,40.92
9/11/2017,929.08,977.96,97.71,40.38,42.25
9/12/2017,932.07,982.58,96.85,40.22,42.4
9/13/2017,935.09,999.6,95.61,39.91,42.59
9/14/2017,925.11,992.21,95.3,39.57,42.35
9/15/2017,920.29,986.79,94.63,39.97,45.03
9/18/2017,915,974.19,95.74,39.67,46.89
9/19/2017,921.81,969.86,95.35,39.68,46.84
9/20/2017,931.58,973.21,95.21,39.02,46.46
9/21/2017,932.45,964.65,94.86,38.35,45.19
9/22/2017,928.53,955.1,94.94,37.97,44.75
9/25/2017,920.97,939.79,92.47,37.64,42.75
9/26/2017,924.86,938.6,92.34,38.28,42.99
9/27/2017,944.49,950.87,93.21,38.56,43.93
9/28/2017,949.5,956.4,92.6,38.32,43.92
9/29/2017,959.11,961.35,93.42,38.53,44.69
10/2/2017,953.27,959.19,93.94,38.45,44.75
10/3/2017,957.79,957.1,95.36,38.62,44.84
10/4/2017,951.68,965.45,95.52,38.37,45.22
10/5/2017,969.96,980.85,95.73,38.85,45.19
10/6/2017,978.89,989.58,96.32,38.83,45.33
10/9/2017,977,990.99,96.27,38.96,46.35
10/10/2017,972.6,987.2,95.39,38.98,47.23
10/11/2017,989.25,995,96.01,39.14,47.74
10/12/2017,987.83,1000.93,96.74,39,47.76
10/13/2017,989.68,1002.94,96.94,39.25,48.65
10/16/2017,992,1006.34,97.15,39.97,49.48
10/17/2017,992.18,1009.13,96.72,40.12,49.44
10/18/2017,992.81,997,96.44,39.94,49.4
10/19/2017,984.45,986.61,97.19,38.99,49.45
10/20/2017,988.2,982.91,98.9,39.06,49.23
10/23/2017,968.45,966.3,98.44,39.04,49.16
10/24/2017,970.54,975.9,98.66,39.28,49.67
10/25/2017,973.33,972.91,99.59,39.1,48.42
10/26/2017,972.56,972.43,100.05,39.35,48.92
10/27/2017,1019.27,1100.95,100.7,40.76,50.47
10/30/2017,1017.11,1110.85,100.7,41.68,50.96
10/31/2017,1016.64,1105.28,102.34,42.26,51.7
11/1/2017,1025.5,1103.68,101.95,41.72,51.8
11/2/2017,1025.58,1094.22,102.6,42.03,51.49
11/3/2017,1032.48,1111.6,102.71,43.13,52.17
11/6/2017,1025.9,1120.66,102.42,43.56,52.41
11/7/2017,1033.33,1123.17,102.72,43.7,53.01
11/8/2017,1039.85,1132.88,105.03,44.06,52.29
11/9/2017,1031.26,1129.13,103.6,43.97,51.33
11/10/2017,1028.07,1125.35,105.24,43.67,54.04
11/13/2017,1025.75,1129.17,105.78,43.49,53.16
11/14/2017,1026,1136.84,106.23,42.84,53.55
11/15/2017,1020.91,1126.69,105.43,42.27,52.5
11/16/2017,1032.5,1137.29,107.03,42.78,52.9
11/17/2017,1019.09,1129.88,107.58,42.54,52.84
11/20/2017,1018.38,1126.31,107.37,42.5,53.52
11/21/2017,1034.49,1139.49,108.8,43.29,54.01
11/22/2017,1035.96,1156.16,106.83,43.74,53.73
11/24/2017,1040.61,1186,107.15,43.74,54.24
11/27/2017,1054.21,1195.83,106.58,43.52,53.54
11/28/2017,1047.41,1193.6,106.46,43.27,52.68
11/29/2017,1021.66,1161.27,103.53,42.37,49.11
11/30/2017,1021.41,1176.75,104.32,42.96,50.18
12/1/2017,1010.17,1162.35,103.83,42.76,49.42
12/4/2017,998.68,1133.95,99.85,42.45,46.67
12/5/2017,1005.15,1141.57,100.69,42.41,46.94
12/6/2017,1018.38,1152.35,102.92,42.25,47.32
12/7/2017,1030.93,1159.79,104.07,42.33,48
12/8/2017,1037.05,1162,103.44,42.34,47.87
12/11/2017,1041.1,1168.92,104.54,43.17,48.67
12/12/2017,1040.48,1165.08,103.67,42.93,47.71
12/13/2017,1040.61,1164.13,103.94,43.07,46.55
12/14/2017,1049.15,1174.26,104.24,43.06,46.62
12/15/2017,1064.19,1179.14,105.48,43.49,47.89
12/18/2017,1077.14,1190.58,105.08,44.11,49.48
12/19/2017,1070.68,1187.38,104.26,43.64,49.03
12/20/2017,1064.95,1177.62,103.39,43.59,49.2
12/21/2017,1063.63,1174.76,103.62,43.75,48.97
12/22/2017,1060.12,1168.36,102.63,43.75,48.82
12/26/2017,1056.74,1176.76,102.54,42.64,49.36
12/27/2017,1049.37,1182.26,102.65,42.65,49.29
12/28/2017,1048.14,1186.1,102.79,42.77,49.35
12/29/2017,1046.4,1169.47,102.23,42.31,48.38
1/2/2018,1065,1189.01,104.41,43.07,49.84
1/3/2018,1082.48,1204.2,105.29,43.06,53.12
1/4/2018,1086.4,1209.59,106.68,43.26,53.4
1/5/2018,1102.23,1229.14,108.1,43.75,53.85
1/8/2018,1106.94,1246.87,108.86,43.59,55.5
1/9/2018,1106.26,1252.7,109.15,43.58,55.49
1/10/2018,1102.61,1254.33,108.8,43.57,55.92
1/11/2018,1105.52,1276.68,109.1,43.82,56.02
1/12/2018,1122.26,1305.2,110.24,44.27,55.75
1/16/2018,1121.76,1304.86,108.89,44.05,55.03
1/17/2018,1131.98,1295,110.04,44.78,56.18
1/18/2018,1129.79,1293.32,111.77,44.82,56.11
1/19/2018,1137.51,1294.58,111.93,44.62,57.53
1/22/2018,1155.81,1327.31,112.89,44.25,58.42
1/23/2018,1169.97,1362.54,113.24,44.26,59.73
1/24/2018,1164.24,1357.51,112.85,43.56,58.95
1/25/2018,1170.37,1377.95,111.96,42.78,59.09
1/26/2018,1175.84,1402.05,113.7,42.88,60.83
1/29/2018,1175.58,1417.68,113.3,41.99,61.71
1/30/2018,1163.69,1437.82,112.23,41.74,60.68
1/31/2018,1169.94,1450.89,113.91,41.86,61.45
2/1/2018,1167.7,1390,112.74,41.95,60.13
2/2/2018,1111.9,1429.95,110.78,40.13,58.38
2/5/2018,1055.8,1390,107.65,39.12,53.43
2/6/2018,1080.6,1442.84,109.57,40.76,56.4
2/7/2018,1048.58,1416.78,110.05,39.89,57.2
2/8/2018,1001.52,1350.5,104.03,38.79,54.38
2/9/2018,1037.78,1339.6,106.98,39.1,58.02
2/12/2018,1051.94,1386.23,108.55,40.68,57.01
2/13/2018,1052.1,1414.51,107.69,41.09,58.16
2/14/2018,1069.7,1451.05,109.02,41.84,60.36
2/15/2018,1089.52,1461.76,113.12,43.25,61.63
2/16/2018,1094.8,1448.69,112.86,43.11,60.96
2/20/2018,1102.46,1468.35,114.35,42.96,62.27
2/21/2018,1111.34,1482.92,114.48,42.77,60.38
2/22/2018,1106.63,1485.34,113,43.13,60.54
2/23/2018,1126.79,1500,114.96,43.88,61.48
2/26/2018,1143.75,1521.95,116.65,44.74,61.65
2/27/2018,1118.29,1511.98,116.47,44.6,61.52
2/28/2018,1104.73,1512.45,116.25,44.53,60.5
3/1/2018,1069.52,1493.45,119.43,43.75,58.05
3/2/2018,1078.92,1500.25,121.92,44.05,59.14
3/5/2018,1090.93,1523.61,122.5,44.21,58.91
3/6/2018,1095.06,1537.64,124.48,44.17,60.54
3/7/2018,1109.64,1545,125.33,43.76,60.46
3/8/2018,1126,1551.86,126.36,44.24,60.3
3/9/2018,1160.04,1578.89,127.41,45,61.33
3/12/2018,1164.5,1598.39,126.78,45.43,62.44
3/13/2018,1138.17,1588.18,126.73,44.99,61.93
3/14/2018,1149.49,1591,127.99,44.61,62.19
3/15/2018,1149.58,1582.32,127.22,44.66,62.34
3/16/2018,1135.73,1571.68,125.97,44.51,62.62
3/19/2018,1099.82,1544.93,124.98,43.83,60.25
3/20/2018,1097.71,1586.51,125.12,43.81,62.4
3/21/2018,1090.88,1581.86,121.7,42.82,62.14
3/22/2018,1049.08,1544.92,118.04,42.21,60.46
3/23/2018,1021.57,1495.56,114.43,41.24,58.24
3/26/2018,1053.21,1555.86,118.97,43.19,61.12
3/27/2018,1005.1,1497.05,113.81,42.09,56.38
3/28/2018,1004.56,1431.42,112.88,41.62,55.34
3/29/2018,1031.79,1447.34,116.3,41.95,57.9
4/2/2018,1006.47,1371.99,115.3,41.67,55.26
4/3/2018,1013.41,1392.05,116.49,42.1,56.34
4/4/2018,1025.14,1410.57,119.48,42.9,56.56
4/5/2018,1027.81,1451.75,119.04,43.2,55.35
4/6/2018,1007.04,1405.23,116.1,42.1,53.56
4/9/2018,1015.45,1406.08,117.19,42.51,53.85
4/10/2018,1031.64,1436.22,119.49,43.31,56.98
4/11/2018,1019.97,1427.05,119.16,43.11,56.56
4/12/2018,1032.51,1448.5,121.4,43.54,58.65
4/13/2018,1029.27,1430.79,119.01,43.68,57.88
4/16/2018,1037.98,1441.5,119.41,43.96,57.87
4/17/2018,1074.16,1503.83,123.35,44.56,59.39
4/18/2018,1072.08,1527.84,124.46,44.46,59.09
4/19/2018,1087.7,1556.91,124.06,43.2,57.26
4/20/2018,1072.96,1527.49,122.82,41.43,57.18
4/23/2018,1067.45,1517.86,121.89,41.31,55.97
4/24/2018,1019.98,1460.09,117.88,40.74,55.3
4/25/2018,1021.18,1460.17,117.32,40.91,54.17
4/26/2018,1040.04,1517.96,120.83,41.06,56.31
4/27/2018,1030.05,1572.62,120.22,40.58,56.58
4/30/2018,1017.33,1566.13,120.99,41.32,56.23
5/1/2018,1037.31,1582.26,123.11,42.28,56.79
5/2/2018,1024.38,1569.68,122.82,44.14,56.58
5/3/2018,1023.72,1572.08,124.41,44.22,58.25
5/4/2018,1048.21,1580.95,125.12,45.96,59.77
5/7/2018,1054.79,1600.14,126.97,46.29,62.17
5/8/2018,1053.91,1592.39,128.75,46.51,62.6
5/9/2018,1082.76,1608,129.73,46.84,63.95
5/10/2018,1097.57,1609.08,130.62,47.51,65.03
5/11/2018,1098.26,1602.91,130.63,47.15,63.63
5/14/2018,1100.2,1601.54,127.69,47.04,63.84
5/15/2018,1079.23,1576.12,128.13,46.61,61.39
5/16/2018,1081.77,1587.28,128.77,47.05,61.5
5/17/2018,1078.59,1581.76,126.05,46.75,61.93
5/18/2018,1066.36,1574.37,126.96,46.58,61.49
5/21/2018,1079.58,1585.46,126.37,46.91,61.06
5/22/2018,1069.73,1581.4,125.44,46.79,60.68
5/23/2018,1079.69,1601.86,128.09,47.09,61.89
5/24/2018,1079.24,1603.07,128.74,47.04,61.92
5/25/2018,1075.66,1610.15,127.96,47.15,62.32
5/29/2018,1060.32,1612.87,126.88,46.98,62.15
5/30/2018,1067.8,1624.89,129.3,46.88,63.25
5/31/2018,1084.99,1629.62,129.33,46.72,63.25
6/1/2018,1119.5,1641.54,130.52,47.56,64.41
6/4/2018,1139.29,1665.27,132.65,47.96,66.21
6/5/2018,1139.66,1696.35,134.12,48.33,66.27
6/6/2018,1136.88,1695.75,135.55,48.5,66.29
6/7/2018,1123.86,1689.3,132.91,48.37,65.72
6/8/2018,1120.87,1683.99,133.53,47.93,65.57
6/11/2018,1129.99,1689.12,133.98,47.81,65.16
6/12/2018,1139.32,1698.75,136.26,48.07,65.65
6/13/2018,1134.79,1704.86,136.5,47.68,65.6
6/14/2018,1152.12,1723.86,138.41,47.7,66.73
6/15/2018,1152.26,1715.97,138.41,47.21,66.32
6/18/2018,1173.46,1723.79,139.8,47.19,66.27
6/19/2018,1168.06,1734.78,139.52,46.42,65.04
6/20/2018,1169.84,1750.08,138.94,46.63,65.58
6/21/2018,1157.66,1730.22,137.88,46.37,64.28
6/22/2018,1155.48,1715.67,135.01,46.23,62.74
6/25/2018,1124.81,1663.15,133.19,45.54,59.78
6/26/2018,1118.46,1691.09,135.48,46.11,60.5
6/27/2018,1103.98,1660.51,133.22,46.04,58.93
6/28/2018,1114.22,1701.45,135.12,46.38,60.22
6/29/2018,1115.65,1699.8,136.4,46.28,59.23
7/2/2018,1127.46,1713.78,140.43,46.8,60.56
7/3/2018,1102.89,1693.96,137.84,45.98,59.21
7/5/2018,1124.27,1699.73,139.77,46.35,60.68
7/6/2018,1140.17,1710.63,141.4,46.99,61.83
7/9/2018,1154.05,1739.02,141.76,47.65,62.31
7/10/2018,1152.84,1743.07,142.45,47.59,63.31
7/11/2018,1153.9,1755,145.25,46.97,61.88
7/12/2018,1183.48,1796.62,148.16,47.76,62.81
7/13/2018,1188.82,1813.03,147.61,47.83,62.33
7/16/2018,1183.86,1822.49,146.96,47.73,62.05
7/17/2018,1198.8,1843.93,147.02,47.86,63.42
7/18/2018,1195.88,1842.92,147.84,47.6,62.93
7/19/2018,1186.96,1812.97,147.16,47.97,63.01
7/20/2018,1184.91,1813.7,146.87,47.86,62.72
7/23/2018,1205.5,1802,147.56,47.86,62.35
7/24/2018,1248.08,1829.24,146,48.25,62.18
7/25/2018,1263.7,1863.61,148.87,48.71,62.97
7/26/2018,1268.33,1808,147.57,48.55,63.71
7/27/2018,1238.5,1817.27,143.91,47.75,63.01
7/30/2018,1219.74,1779.22,138.03,47.48,61.03
7/31/2018,1217.26,1777.44,137.15,47.57,61.22
8/1/2018,1220.01,1797.17,137.68,50.38,61.62
8/2/2018,1226.15,1834.33,141.14,51.85,62.66
8/3/2018,1223.71,1823.29,141.04,52,63.03
8/6/2018,1224.77,1847.75,142.71,52.27,63.51
8/7/2018,1242.22,1862.48,144.44,51.78,64.24
8/8/2018,1245.61,1886.52,145.17,51.81,64.61
8/9/2018,1249.1,1898.52,145.82,52.22,64.11
8/10/2018,1237.61,1886.3,145.51,51.88,63.7
8/13/2018,1235.01,1896.2,144.45,52.22,64.03
8/14/2018,1242.1,1919.65,146.57,52.44,65.36
8/15/2018,1214.38,1882.62,145.04,52.56,64.77
8/16/2018,1206.49,1886.52,145.73,53.33,64.36
8/17/2018,1200.96,1882.22,145.02,54.4,61.21
8/20/2018,1207.77,1876.71,145.71,53.87,61.96
8/21/2018,1201.62,1883.42,145.53,53.76,63.33
8/22/2018,1207.33,1904.9,146.46,53.76,65.71
8/23/2018,1205.38,1902.9,147.83,53.87,66.71
8/24/2018,1220.65,1905.39,152.3,54.04,68.06
8/27/2018,1241.82,1927.68,151.68,54.49,68.97
8/28/2018,1231.15,1932.82,152.99,54.93,68.6
8/29/2018,1249.3,1998.1,154.8,55.75,69.62
8/30/2018,1239.12,2002.38,152.14,56.26,69.45
8/31/2018,1218.19,2012.71,152.68,56.91,70.17
9/4/2018,1197,2039.51,153.21,57.09,70.93
9/5/2018,1186.48,1994.82,148.65,56.72,69.61
9/6/2018,1171.44,1958.31,148.83,55.78,68.18
9/7/2018,1164.83,1952.07,150.43,55.33,67.97
9/10/2018,1164.64,1939.01,151.32,54.58,68.68
9/11/2018,1177.36,1987.15,152.84,55.96,68.2
9/12/2018,1162.82,1990,155.37,55.27,67.05
9/13/2018,1175.33,1989.87,158.18,56.6,67.83
9/14/2018,1172.53,1970.19,157.49,55.96,69.11
9/17/2018,1156.05,1908.03,154.92,54.47,68.48
9/18/2018,1161.22,1941.05,156,54.56,67.76
9/19/2018,1171.09,1926.42,152.9,54.59,68
9/20/2018,1186.87,1944.3,155.5,55.01,66.57
9/21/2018,1166.09,1915.01,155.52,54.42,65.86
9/24/2018,1173.37,1934.36,158.78,55.2,66.43
9/25/2018,1184.65,1974.55,158.87,55.55,67.1
9/26/2018,1180.49,1974.85,158.33,55.11,66.73
9/27/2018,1194.64,2012.98,160.43,56.24,66.85
9/28/2018,1193.47,2003,159.03,56.44,70.26
10/1/2018,1195.31,2004.36,159.86,56.82,72.34
10/2/2018,1200.11,1971.31,157.26,57.32,71.62
10/3/2018,1202.95,1952.76,159.1,58.02,71.68
10/4/2018,1168.19,1909.42,154.9,57,69.82
10/5/2018,1157.35,1889.65,155.07,56.07,67.47
10/8/2018,1148.97,1864.42,148.65,55.94,66.44
10/9/2018,1138.82,1870.32,148.5,56.72,66.39
10/10/2018,1081.22,1755.25,137.81,54.09,61.42
10/11/2018,1079.32,1719.36,139.24,53.61,58.78
10/12/2018,1110.08,1788.61,146.74,55.53,61.64
10/15/2018,1092.25,1760.95,141.95,54.34,58.85
10/16/2018,1121.28,1819.96,147.44,55.54,61.46
10/17/2018,1115.69,1831.73,147.01,55.3,60.77
10/18/2018,1087.97,1770.72,142.84,54.01,59.88
10/19/2018,1096.46,1764.03,140.49,54.83,57.29
10/22/2018,1101.16,1789.3,142.95,55.16,57.81
10/23/2018,1103.69,1768.7,140.66,55.68,55.27
10/24/2018,1050.71,1664.2,133.26,53.77,49.85
10/25/2018,1095.57,1782.17,140.8,54.95,51.96
10/26/2018,1071.47,1642.81,135.52,54.08,49.57
10/29/2018,1020.08,1538.88,130.99,53.06,46.41
10/30/2018,1036.21,1530.42,132.17,53.33,50.75
10/31/2018,1076.77,1598.01,137.24,54.72,52.71
11/1/2018,1070,1665.53,139.59,55.56,54.53
11/2/2018,1057.79,1665.53,136.79,51.87,53.73
11/5/2018,1040.09,1627.8,135.44,50.4,52.94
11/6/2018,1055.81,1642.81,133.95,50.94,52.77
11/7/2018,1093.39,1755.49,141.79,52.49,53.45
11/8/2018,1082.4,1754.91,141.87,52.12,51.5
11/9/2018,1066.15,1712.43,136.92,51.12,51.42
11/12/2018,1038.63,1636.85,130.5,48.54,47.39
11/13/2018,1036.05,1631.17,132.16,48.06,49.83
11/14/2018,1043.66,1599.01,129.35,46.7,49.3
11/15/2018,1064.71,1619.44,132.49,47.85,50.6
11/16/2018,1061.49,1593.41,132.55,48.38,41.11
11/19/2018,1020,1512.29,121.01,46.47,36.17
11/20/2018,1025.76,1495.46,120.67,44.25,37.27
11/21/2018,1037.61,1516.73,123.59,44.2,36.18
11/23/2018,1023.88,1502.06,122.03,43.07,36.25
11/26/2018,1048.62,1581.33,126.41,43.66,38.26
11/27/2018,1044.41,1581.42,127.54,43.56,38.43
11/28/2018,1086.23,1677.75,140.64,45.24,40.02
11/29/2018,1088.3,1673.57,139.72,44.89,39.34
11/30/2018,1094.43,1690.17,142.76,44.65,40.86
12/3/2018,1106.43,1772.36,144.15,46.21,42.51
12/4/2018,1050.82,1668.4,139.24,44.17,39.28
12/6/2018,1068.73,1699.19,142.06,43.68,39.57
12/7/2018,1036.58,1629.13,135.95,42.12,36.9
12/10/2018,1039.55,1641.03,137.27,42.4,37.97
12/11/2018,1051.75,1643.24,136.79,42.16,37.05
12/12/2018,1063.68,1663.54,140.09,42.28,37.23
12/13/2018,1061.9,1658.38,141.14,42.74,37.22
12/14/2018,1042.1,1591.91,137.04,41.37,36.61
12/17/2018,1016.53,1520.91,130.83,40.99,35.9
12/18/2018,1028.71,1551.48,132.32,41.52,36.74
12/19/2018,1023.01,1495.08,131.16,40.22,34.63
12/20/2018,1009.41,1460.83,127.73,39.21,33.78
12/21/2018,979.54,1377.45,122.91,37.68,32.39
12/24/2018,976.22,1343.96,121.33,36.71,31.77
12/26/2018,1039.46,1470.9,130.84,39.29,33.28
12/27/2018,1043.88,1461.64,135.2,39.04,32.79
12/28/2018,1037.08,1478.02,134.68,39.06,33.41
12/31/2018,1035.61,1501.97,136.97,39.44,33.38
1/2/2019,1045.85,1539.13,135.55,39.48,34.06
1/3/2019,1016.06,1500.28,130.4,35.55,32
1/4/2019,1070.71,1575.39,137.96,37.07,34.05
1/7/2019,1068.39,1629.51,142.22,36.98,35.85
1/8/2019,1076.28,1656.58,145.72,37.69,34.96
1/9/2019,1074.66,1659.42,145.99,38.33,35.65
1/10/2019,1070.33,1656.22,147.04,38.45,36.31
1/11/2019,1057.19,1640.56,147.55,38.07,37.21
1/14/2019,1044.69,1617.21,146.05,37.5,37.61
1/15/2019,1077.15,1674.56,149.19,38.27,37.47
1/16/2019,1080.97,1683.78,148.54,38.74,37.21
1/17/2019,1089.9,1693.22,149.82,38.97,37.93
1/18/2019,1098.26,1696.2,152.51,39.21,39.23
1/22/2019,1070.52,1632.17,148.95,38.33,37.19
1/23/2019,1075.57,1640.02,149.75,38.48,37.32
1/24/2019,1073.9,1654.93,146.87,38.17,39.46
1/25/2019,1090.99,1670.57,149.74,39.44,40.04
1/28/2019,1070.08,1637.89,147.33,39.08,34.5
1/29/2019,1060.62,1593.88,145.18,38.67,32.9
1/30/2019,1089.06,1670.43,149.16,41.31,34.35
1/31/2019,1116.37,1718.73,151.97,41.61,35.94
2/1/2019,1110.75,1626.23,155.87,41.63,36.18
2/4/2019,1132.8,1633.31,157.72,42.81,37.3
2/5/2019,1145.99,1658.81,158.99,43.55,37.49
2/6/2019,1115.23,1640.26,158.13,43.56,38.25
2/7/2019,1098.71,1614.37,154.93,42.74,36.85
2/8/2019,1095.06,1588.22,156.67,42.6,37.04
2/11/2019,1095.01,1591,159.91,42.36,36.61
2/12/2019,1121.37,1638.01,162.79,42.72,37.79
2/13/2019,1120.16,1640,160.4,42.55,38.22
2/14/2019,1121.67,1622.65,159.47,42.7,38.63
2/15/2019,1113.65,1607.95,159.05,42.61,39.34
2/19/2019,1118.56,1627.58,160.61,42.73,39.16
2/20/2019,1113.8,1622.1,158.54,43.01,39.64
2/21/2019,1096.97,1619.44,159.63,42.77,38.94
2/22/2019,1110.37,1631.56,161.31,43.24,39.8
2/25/2019,1109.4,1633,161.36,43.56,39.67
2/26/2019,1115.13,1636.4,163,43.58,39.28
2/27/2019,1116.05,1641.09,163.12,43.72,38.85
2/28/2019,1119.92,1639.83,163.65,43.29,38.57
3/1/2019,1140.99,1671.73,164.53,43.74,39.11
3/4/2019,1147.8,1696.17,158.5,43.96,39.2
3/5/2019,1162.03,1692.43,156.97,43.88,39.13
3/6/2019,1157.86,1668.95,156.79,43.63,38.01
3/7/2019,1143.3,1625.95,155.6,43.13,37.32
3/8/2019,1142.32,1620.8,155.06,43.23,37.66
3/11/2019,1175.76,1670.62,157.65,44.73,40.28
3/12/2019,1193.2,1673.1,158.28,45.23,40.63
3/13/2019,1193.32,1690.81,159.81,45.43,42.16
3/14/2019,1185.55,1686.22,160.67,45.93,41.39
3/15/2019,1184.46,1712.36,161.51,46.53,42.45
3/18/2019,1184.26,1742.15,161.95,47.01,42.24
3/19/2019,1198.85,1761.85,163.93,46.63,43.93
3/20/2019,1223.97,1797.27,163.51,47.04,43.6
3/21/2019,1231.54,1819.26,166.95,48.77,45.99
3/22/2019,1205.5,1764.77,161.5,47.76,44.38
3/25/2019,1193,1774.26,160.88,47.19,43.45
3/26/2019,1184.62,1783.76,159.4,46.7,44.22
3/27/2019,1173.02,1765.7,155.12,47.12,44.13
3/28/2019,1168.49,1773.42,155.18,47.18,44.31
3/29/2019,1173.31,1780.75,158.37,47.49,44.89
4/1/2019,1194.43,1814.19,161.18,47.81,45.57
4/2/2019,1200.49,1813.98,160.51,48.51,45.75
4/3/2019,1205.92,1820.7,162.62,48.84,47.16
4/4/2019,1215,1818.86,158.52,48.92,47.07
4/5/2019,1207.15,1837.28,158.56,49.25,47.74
4/8/2019,1203.84,1849.86,158.47,50.03,47.95
4/9/2019,1197.25,1835.84,156.97,49.88,47.32
4/10/2019,1202.16,1847.33,160.24,50.16,48.03
4/11/2019,1204.62,1844.07,160.73,49.74,47.89
4/12/2019,1217.87,1843.06,160.71,49.72,47.5
4/15/2019,1221.1,1844.87,160.09,49.81,46.18
4/16/2019,1227.13,1863.04,158.69,49.81,47.05
4/17/2019,1236.34,1864.82,155.34,50.78,46.82
4/18/2019,1236.37,1861.69,155.99,50.97,46.58
4/22/2019,1248.84,1887.31,158.76,51.13,47.12
